{"cameraMode":{"drawMode":0,"name":"Shaded","section":"Shading Mode"},"sceneLighting":true,"audioPlay":false,"sceneViewState":{"showFog":true,"showMaterialUpdate":false,"showSkybox":true,"showFlares":true,"showImageEffects":true,"showParticleSystems":true},"in2DMode":false,"pivot":{"x":15.904302597045899,"y":8.861105918884278,"z":0.3520796298980713},"rotation":{"x":-0.09211259335279465,"y":-0.7150478959083557,"z":0.09611032903194428,"w":-0.6864168643951416},"size":25.269529342651368,"orthographic":false}